﻿업종중분류명,지역명,비율
음식,경상남도 창원시 마산합포구,35.9
쇼핑,경상남도 창원시 마산합포구,27.8
문화관광,경상남도 창원시 마산합포구,10.5
숙박,경상남도 창원시 마산합포구,9.4
기타관광,경상남도 창원시 마산합포구,7.7
자연관광,경상남도 창원시 마산합포구,6.8
역사관광,경상남도 창원시 마산합포구,1.2
레저스포츠,경상남도 창원시 마산합포구,0.3
체험관광,경상남도 창원시 마산합포구,0.3
