﻿지표 코드,지표명,지표 순위값,지역명
1,방문자유입,47,유성구
2,숙박방문자 비율,32,유성구
3,체류시간,114,유성구
4,목적지 검색량,43,유성구
5,관광소비,39,유성구
1,방문자유입,23,고양시 덕양구
2,숙박방문자 비율,68,고양시 덕양구
3,체류시간,202,고양시 덕양구
4,목적지 검색량,14,고양시 덕양구
5,관광소비,14,고양시 덕양구
1,방문자유입,35,파주시
2,숙박방문자 비율,46,파주시
3,체류시간,127,파주시
4,목적지 검색량,4,파주시
5,관광소비,18,파주시
1,방문자유입,42,김포시
2,숙박방문자 비율,47,김포시
3,체류시간,85,김포시
4,목적지 검색량,23,김포시
5,관광소비,22,김포시
