﻿성/연령,지역명,비율
50대 남성,경기도 가평군,11.1
20대 남성,경기도 가평군,10.6
40대 남성,경기도 가평군,10.4
30대 남성,경기도 가평군,9.6
50대 여성,경기도 가평군,8.8
60대 남성,경기도 가평군,8.6
30대 여성,경기도 가평군,7.9
20대 여성,경기도 가평군,7.4
40대 여성,경기도 가평군,7.3
60대 여성,경기도 가평군,6.0
10대 남성,경기도 가평군,3.1
70대 이상 남성,경기도 가평군,2.9
10대 여성,경기도 가평군,2.5
70대 이상 여성,경기도 가평군,2.4
10대 미만 여성,경기도 가평군,0.7
10대 미만 남성,경기도 가평군,0.7
