﻿업종중분류명,업체명,방문자수,순위
음식,포레스트아웃팅스,33.0,1
음식,일산칼국수/본점,31.0,2
음식,가나안덕/일산본점,25.0,3
음식,설문커피,24.0,4
음식,쿠우쿠우/일산호수공원점,24.0,5
음식,맥도날드/중산DT점,14.0,6
음식,등촌샤브칼국수/일산본점,14.0,7
음식,전민규의황제누룽지탕/일산본점,13.0,8
음식,창고43/일산점,13.0,9
음식,백제원/일산점 [한식],12.0,10
쇼핑,코스트코홀세일/일산점,113.0,1
쇼핑,라페스타,106.0,2
쇼핑,벨라시타,78.0,3
쇼핑,뉴코아아울렛/일산점,47.0,4
쇼핑,이마트/풍산점,38.0,5
쇼핑,롯데백화점/일산점,32.0,6
쇼핑,홈플러스/일산점,20.0,7
쇼핑,롯데아울렛/고양터미널점,16.0,8
쇼핑,이마트/일산점,14.0,9
쇼핑,홈플러스/고양터미널점,12.0,10
문화관광,일산호수공원,51.0,1
문화관광,CGV/일산,10.0,2
문화관광,중산체육공원,7.0,3
문화관광,고양장항야구장,3.0,4
문화관광,지영구장,2.0,5
문화관광,안곡습지공원,2.0,6
문화관광,지영체육공원,1.0,7
문화관광,와글아이/일산차움라이프센터점,1.0,8
문화관광,고양아람누리,1.0,9
문화관광,메가박스/일산벨라시타,1.0,10
