﻿순위,관광지ID,업소명,분류
1,bad006bbedb44e6e4ef07895a314e7e1,앤드테라스파주점,카페/찻집
2,aaa87c86646f26fb6d2303ee3ca586a5,더티트렁크,카페/찻집
3,e8f4c954720c18756069c2b26c630d8f,이삭토스트파주운정이마트점,간이음식
4,e37b6ce6ac8684b377c1e37e473f5cc3,스타벅스파주야당DT점,카페/찻집
5,c3ce179673329f9f3c80fa57913ad561,레드파이프,카페/찻집
6,4b7575d2a64ea3473880fe1838b6f3e2,갈릴리농원본관,전문음식
7,2539e333aa03d1c09bbfad6e8545423b,키누카누파주야당점,전문음식
8,ff60878ce76ba222ffec402ec2429a12,버터킹빵공장,간이음식
9,40a1fbfb5057863de6e260003c7d5998,버거킹파주야당역점,간이음식
10,a55248ebeba926e53528618f7ab6ac32,심학산도토리국수본점,한식
11,c63dd07550fcb253cdcc0b6b46c4c771,스타벅스파주야당역점,카페/찻집
12,0a523af3b049c95f180988fd052d9eb3,브릭루즈,카페/찻집
13,2323d47699cc1882afcfca3a67684074,FILLMOOD,카페/찻집
14,e1ad4bb422c4422e405c2b422b431707,브런치빈운정점,전문음식
15,ea338bb9f87e70dfcda107be605208a6,훈장골파주점,한식
16,d694e8d956aa03f0eea9daf57258d10c,아티장베이커스파주점,간이음식
17,301a49db5cb084ebe041ff2f59c5714f,청산어죽,한식
18,2aa3609360bea13f635a5f7bf91ea318,무고레,한식
19,62d7b588d14fe671dc7b24c6e05fcd61,내사랑동까스,전문음식
20,fd7d8928be0215068795e554cf4f0bbf,레드브릿지,카페/찻집
21,811c4126a326250620de2e3d5ae16643,폴콘파주본점,카페/찻집
22,d6ec4b067b2617760949edcb3afd362b,KFC파주운정DI점,간이음식
23,9937912f9b69fd3801ca420f673c36a2,반구정나루터집,전문음식
24,67bed2bdc8ff02441344b37082edf397,교하정,한식
25,862396d98989a5f7d58eba86064b02d4,테라스커피&국수,한식
26,f3dc5cd3046bf706ccef8ffc575b131b,커피공장103헤이리점,카페/찻집
27,8388c44321d9e5659df7cee7807f10db,메주꽃[한식],한식
28,f9ab148ed48809e8c32941f3e2afb592,복많네해물칼국수파주출판단지본점,한식
28,4aef56b098e7250a15f9b0b00b8392a4,벙커힐파주점,전문음식
30,26921981a5fc301810ec16912467aaf5,스타벅스파주금릉역점,카페/찻집
31,f9a93a4fc062175e200f25c06373c532,언칼국수금촌본점,한식
31,63250e730c2d13cbe6ebb5bf7f9f7e0b,소문난팔당냉면,한식
33,9e8fe09e49aa3b5bd371ab3d2fdff7c7,르시랑스,카페/찻집
34,95acd56ce59b557df4d1940dd740cd1a,라플란드,카페/찻집
35,c9acc7fb5a210fd8436a18acf26b0a63,파주돌짜장[중식],외국식
36,eaecebf3127012c84fc7822cf5b2be9c,심슨더스파이스,외국식
37,737857df34f7b244b683799e660d9fd7,심학산장어,전문음식
38,49f0135e7f9c9fb983305786120295df,스타벅스파주운정점,카페/찻집
38,0786cf016ba88c5ada0e0b87e6526e8c,일산칼국수파주점,한식
40,9108f498e83c548fa2d745f4d6b5a2f1,뇌조리국수집,한식
41,a22e939234a2ada731f8d2bfe0a895a2,스타벅스파주산내점,카페/찻집
41,7046e3099bd4c3d0b249bed821f9d7c4,통일동산두부마을,전문음식
43,f255cab9336d02381065a097816d5f14,가드너스,카페/찻집
44,59f77746add04627f8f0895c5489fc78,평양손만두파주운정점,한식
45,96b3759a49fc73efddf7c74ce0c88188,아이노스,카페/찻집
45,ee1a0d56e766436beec174678b49d77b,삼고집파주점,한식
47,1eae1e01b893ef1e9909f6a5d2fea8f1,전국목장연합,한식
48,096ec59e23009b0d50c60b4a3fda6a34,좋은날떡집,간이음식
49,6fbd5ff085952a5abac284b6883e30fa,밀크북,카페/찻집
50,d3fe3176f07e255a09046935344d9f67,원두막본점,한식
51,93369a122f2e7b1fd52b5ad9ebb4f875,버거킹금촌역점,간이음식
52,e6ce3ea99bbf8c6ea1855aaaaa3676bb,개성손만두파주점,한식
53,ef3d7596e0d90b9615d64f0481abefcb,타샤의정원[한식],한식
54,658e5ce0616c78221ec181ba67ad3bc6,망향비빔국수파주점,한식
55,5e125abe74461455dce9fb7afb4008a9,손탁커피,카페/찻집
56,3ae3d535ac54cc1b4ae406963c4c3a33,카페8794,카페/찻집
57,088fe4582c122099f82164a7fd11729f,신간짬뽕금촌점 [중식],외국식
58,c4c6a97335313bd7a9200dc0124abcac,샹배베이커리,간이음식
59,5abd935f9b4653331f8118e8e9e4e009,모아냉면,한식
60,f3dd9d2c493abd09402d739ee3f659f5,KFC야당역점,간이음식
61,801148329936c8cf1ed883837663aba9,오누테,카페/찻집
62,af4f35cfdf6e6998842e33bf7a31330f,원조삼거리부대찌개,전문음식
62,65519b689137e2e8134ce656738f6fb5,국물없는우동,외국식
64,1cbb7831fd6c72632382e3e79e9a1fec,소플러스운정점,한식
65,9e99cc6d7f013a4c714293da463b295f,으뜸착한낙지문산본점,전문음식
65,cb4dda3224b3090fa21dc60a141c7d81,장수대,한식
67,cbcf11a11d4483e4df3d13be179580c1,원조두지리매운탕본점,한식
67,0fd354dbc0e1e8b44cd64761efa7d562,별난명태본점,한식
69,8abd20e849a08444ed3339238935e781,파주닭국수,한식
69,62845268b51eb32358bb7cf6d4746599,안동각,외국식
71,a5f56696708a431401b65152a5c46c15,파주뼈칼국수교하제면소,한식
71,cd54d4e157e0325ddfb3b8d1e63b7cee,소바동,외국식
73,9a365285c5cef5010a2e613e614a8134,홍익돈까스파주금릉점,전문음식
74,8c516b42af39ec2736aa93c2d459b888,브롯,전문음식
75,ebb2420d413fa8b9bb75802b554ca422,궁중영의정인절미떡집,간이음식
76,77ba4aa5dfd8b476c1efc560c8bad941,아늑,카페/찻집
77,226f325a7b2e758117f6d8c3d12910f6,파베뉴,카페/찻집
78,9a47e6d29414f4fc652f1e727b9d4c4d,모쿠슈라1호점,전문음식
79,989a20b7320f274dbbc27a63dddc2d36,투썸플레이스파주봉일천점,카페/찻집
80,7ef609196aaa77b9e05661c4c3ced6c9,조은도너츠,간이음식
81,58b77483c5ee3733e6f573d26e5a55bd,초원오리농장,전문음식
82,f0e568310827fe14a476a06a095dcfe0,홍익돈까스파주운정점,전문음식
83,c7854514c1ab5d213113de0aca09eaf1,심학산뜨락,한식
83,22c7545017c005f942885bc8a3e2cd69,장어명가지중해,전문음식
85,a92b5f46ac324d622594f9442aa7e600,억부인국수집,한식
86,6aa807e94cfa04e6c490b1664472a63f,도미노피자파주운정점,간이음식
87,4aaee966bd76a8d4f9ce7ad11826b9a4,토향,한식
87,4e54dfa321248f2ad796e7aabd84bb3b,조리샘농원가든,전문음식
87,4b82463ac9fca660d9944fbb73ac218b,일공공샤브운정점,전문음식
90,3a7c24b35c76950b130327f74da4b514,이태리식당,외국식
90,4f82317498d9ecf270e31a9cbd514879,노브랜드버거금촌로터리점,간이음식
90,75b160c3097c65053a28b4169226ece7,생선굽는마을,한식
90,850f95e73ff69b5b0dd61f8bd002eee7,오두산막국수본점,한식
90,75900729997344cac1b4cd73c5726081,강남면옥파주점,한식
95,1d75783f25d9aa6ca351cef7a6a155e9,마마경양식,전문음식
96,149f62477c3518d30210477ac383103d,장어애,전문음식
96,a9cef79b32f220fb8388088466bd10fa,피셔맨스키친파주운정점,외국식
98,7e8124f790ad38b5989feb9d8d7d5502,도깨비탕수육,외국식
99,16a15ce8fbe300f02ccea6a7516b4e54,어라운드에잇,카페/찻집
99,f3160db88d4f648d12754a9eb846c594,두포리매운탕,한식
