﻿시군구명,시도명,관광지명,구분
파주시,경기도,파주 임진각(평화누리공원),역사관광지
파주시,경기도,벽초지수목원,자연관광지
파주시,경기도,헤이리 예술마을,체험관광지
파주시,경기도,쇠꼴마을,체험관광지
파주시,경기도,감악산(파주),자연관광지
파주시,경기도,임진강 독개다리,역사관광지
파주시,경기도,파주 맛고을 음식문화거리,체험관광지
파주시,경기도,자유의 다리(파주),역사관광지
파주시,경기도,미메시스 아트 뮤지엄,문화시설
파주시,경기도,마장호수 출렁다리,건축/조형물
파주시,경기도,도라전망대,건축/조형물
파주시,경기도,고구려최강달인의집,음식점
파주시,경기도,감악산 출렁다리,건축/조형물
파주시,경기도,퍼스트가든,자연관광지
파주시,경기도,루버월,음식점
파주시,경기도,파주 카트랜드,육상 레포츠
파주시,경기도,판문점,역사관광지
파주시,경기도,캠프 그리브스,역사관광지
파주시,경기도,제3땅굴,역사관광지
파주시,경기도,더티 트렁크,음식점
파주시,경기도,반구정과 황희선생유적지,역사관광지
파주시,경기도,하니랜드,휴양관광지
파주시,경기도,모산목장,체험관광지
파주시,경기도,평화랜드,자연관광지
파주시,경기도,보광사(파주),역사관광지
파주시,경기도,통일동산 관광특구,휴양관광지
파주시,경기도,프로방스 마을,체험관광지
파주시,경기도,마장호수,자연관광지
파주시,경기도,구삼뮤지엄,문화시설
파주시,경기도,호메오 (Homeo),쇼핑
파주시,경기도,한국근현대사박물관,문화시설
파주시,경기도,평화누리 캠핑장,육상 레포츠
파주시,경기도,93뮤지엄,문화시설
파주시,경기도,갤러리 MOA,문화시설
파주시,경기도,율곡수목원,자연관광지
파주시,경기도,파주 장릉(인조_인열왕후) [유네스코 세계문화유산],역사관광지
파주시,경기도,동화나라,문화시설
파주시,경기도,우농타조농장,산업관광지
파주시,경기도,용상사(파주),역사관광지
파주시,경기도,오두산 통일전망대,건축/조형물
파주시,경기도,임진강 황포돛배,휴양관광지
파주시,경기도,파주 DMZ 생태연구소,자연관광지
파주시,경기도,스토리 미니어처 뮤지엄,문화시설
파주시,경기도,시선,음식점
파주시,경기도,도라산역,역사관광지
파주시,경기도,파주향교,역사관광지
파주시,경기도,세계민속악기박물관,문화시설
파주시,경기도,오래된 서점,문화시설
파주시,경기도,파주 출판도시,산업관광지
파주시,경기도,파주 삼릉 [유네스코 세계문화유산],역사관광지
파주시,경기도,콩스콩스두부,음식점
파주시,경기도,파주 문산장 (4_ 9일),쇼핑
파주시,경기도,파주 나비나라박물관,문화시설
파주시,경기도,북카페 블루박스,음식점
파주시,경기도,파머스테이블,음식점
파주시,경기도,[경기옛길 의주길 제4길] 파주고을길(신산5리 ~ 선유삼거리),육상 레포츠
파주시,경기도,북카페 눈,음식점
파주시,경기도,교하동 고인돌 산림욕장,역사관광지
파주시,경기도,파주 율곡습지공원,자연관광지
파주시,경기도,파주문화원,문화시설
파주시,경기도,대성동 자유의 마을,역사관광지
파주시,경기도,운계폭포,자연관광지
파주시,경기도,평화누리길 7코스 헤이리길,육상 레포츠
파주시,경기도,자운서원,역사관광지
파주시,경기도,소령원,역사관광지
파주시,경기도,두루뫼박물관,문화시설
파주시,경기도,탄탄스토리하우스,문화시설
파주시,경기도,밥상마루,음식점
파주시,경기도,명필름아트센터,문화시설
