﻿업종중분류명,업체명,방문자수,순위
음식,스타벅스/파주야당DT점,42.0,1
음식,앤드테라스/파주점,31.0,2
음식,더티트렁크,28.0,3
음식,버터킹빵공장,19.0,4
음식,MUNJIRI.535,15.0,5
음식,평양손만두/파주운정점,12.0,6
음식,심학산도토리국수/본점,11.0,7
음식,내사랑동까스,10.0,8
음식,밀팟,10.0,9
음식,함께커피팜투컵/운정공장,10.0,10
쇼핑,롯데프리미엄아울렛/파주점,224.0,1
쇼핑,신세계프리미엄아울렛/파주점,210.0,2
쇼핑,이마트/파주운정점,99.0,3
쇼핑,홈플러스/파주운정점,50.0,4
쇼핑,이마트/파주점,26.0,5
쇼핑,운정가구타운,14.0,6
쇼핑,금촌전통시장,4.0,7
쇼핑,금촌통일시장,3.0,8
쇼핑,문산자유시장,2.0,9
쇼핑,홈플러스/파주문산점,1.0,10
문화관광,운정호수공원,33.0,1
문화관광,평화누리,32.0,2
문화관광,자유로자동차극장,27.0,3
문화관광,CGV/파주야당,15.0,4
문화관광,메가박스/파주운정,10.0,5
문화관광,오두산통일전망대,8.0,6
문화관광,운정건강공원,8.0,7
문화관광,메가박스/파주출판도시,6.0,8
문화관광,퍼스트가든,6.0,9
문화관광,CGV/파주문산,4.0,10
