﻿순위,관광지ID,업소명,분류
1,bad006bbedb44e6e4ef07895a314e7e1,앤드테라스파주점,카페/찻집
2,aaa87c86646f26fb6d2303ee3ca586a5,더티트렁크,카페/찻집
3,4b7575d2a64ea3473880fe1838b6f3e2,갈릴리농원본관,전문음식
4,fd7d8928be0215068795e554cf4f0bbf,레드브릿지,카페/찻집
5,9937912f9b69fd3801ca420f673c36a2,반구정나루터집,전문음식
6,a55248ebeba926e53528618f7ab6ac32,심학산도토리국수본점,한식
7,301a49db5cb084ebe041ff2f59c5714f,청산어죽,한식
8,7046e3099bd4c3d0b249bed821f9d7c4,통일동산두부마을,전문음식
9,ee1a0d56e766436beec174678b49d77b,삼고집파주점,한식
10,ff60878ce76ba222ffec402ec2429a12,버터킹빵공장,간이음식
11,47c47a450c637ee4492d34f30f206863,양평해장국방축점,한식
12,d694e8d956aa03f0eea9daf57258d10c,아티장베이커스파주점,간이음식
13,8388c44321d9e5659df7cee7807f10db,메주꽃[한식],한식
14,e37b6ce6ac8684b377c1e37e473f5cc3,스타벅스파주야당DT점,카페/찻집
15,65519b689137e2e8134ce656738f6fb5,국물없는우동,외국식
16,f255cab9336d02381065a097816d5f14,가드너스,카페/찻집
17,811c4126a326250620de2e3d5ae16643,폴콘파주본점,카페/찻집
18,8abd20e849a08444ed3339238935e781,파주닭국수,한식
19,862396d98989a5f7d58eba86064b02d4,테라스커피&국수,한식
19,e8f4c954720c18756069c2b26c630d8f,이삭토스트파주운정이마트점,간이음식
21,4aef56b098e7250a15f9b0b00b8392a4,벙커힐파주점,전문음식
22,cb4dda3224b3090fa21dc60a141c7d81,장수대,한식
23,f9a93a4fc062175e200f25c06373c532,언칼국수금촌본점,한식
24,0a523af3b049c95f180988fd052d9eb3,브릭루즈,카페/찻집
25,737857df34f7b244b683799e660d9fd7,심학산장어,전문음식
26,95acd56ce59b557df4d1940dd740cd1a,라플란드,카페/찻집
27,cbcf11a11d4483e4df3d13be179580c1,원조두지리매운탕본점,한식
28,c9acc7fb5a210fd8436a18acf26b0a63,파주돌짜장[중식],외국식
29,ef3d7596e0d90b9615d64f0481abefcb,타샤의정원[한식],한식
30,f3dc5cd3046bf706ccef8ffc575b131b,커피공장103헤이리점,카페/찻집
31,a5f56696708a431401b65152a5c46c15,파주뼈칼국수교하제면소,한식
32,2539e333aa03d1c09bbfad6e8545423b,키누카누파주야당점,전문음식
33,40a1fbfb5057863de6e260003c7d5998,버거킹파주야당역점,간이음식
34,c63dd07550fcb253cdcc0b6b46c4c771,스타벅스파주야당역점,카페/찻집
35,7f0df61d2c520a6df91aab746a749fe1,쉼골전통된장,한식
36,e1ad4bb422c4422e405c2b422b431707,브런치빈운정점,전문음식
37,2323d47699cc1882afcfca3a67684074,FILLMOOD,카페/찻집
38,7ef609196aaa77b9e05661c4c3ced6c9,조은도너츠,간이음식
39,9e8fe09e49aa3b5bd371ab3d2fdff7c7,르시랑스,카페/찻집
40,77ba4aa5dfd8b476c1efc560c8bad941,아늑,카페/찻집
41,ebb2420d413fa8b9bb75802b554ca422,궁중영의정인절미떡집,간이음식
42,9108f498e83c548fa2d745f4d6b5a2f1,뇌조리국수집,한식
43,2aa3609360bea13f635a5f7bf91ea318,무고레,한식
44,850f95e73ff69b5b0dd61f8bd002eee7,오두산막국수본점,한식
45,096ec59e23009b0d50c60b4a3fda6a34,좋은날떡집,간이음식
46,ffb6768bcd7f500e240ae4e0ce69b5e3,가림시골밥상,한식
47,62d7b588d14fe671dc7b24c6e05fcd61,내사랑동까스,전문음식
48,ea338bb9f87e70dfcda107be605208a6,훈장골파주점,한식
49,f9ab148ed48809e8c32941f3e2afb592,복많네해물칼국수파주출판단지본점,한식
50,d3fe3176f07e255a09046935344d9f67,원두막본점,한식
51,f1d0688fd5bc1157bed02c6affde01d7,심학산두부마을,한식
52,4aaee966bd76a8d4f9ce7ad11826b9a4,토향,한식
53,6fbd5ff085952a5abac284b6883e30fa,밀크북,카페/찻집
54,120484ff236a194fb95830dc6acd3bbf,잇탈리헤이리점,외국식
55,9a47e6d29414f4fc652f1e727b9d4c4d,모쿠슈라1호점,전문음식
56,60a6e729b516ac4d5beefe498c318762,파주방축골한우마을,한식
57,67bed2bdc8ff02441344b37082edf397,교하정,한식
58,3ae3d535ac54cc1b4ae406963c4c3a33,카페8794,카페/찻집
59,af4f35cfdf6e6998842e33bf7a31330f,원조삼거리부대찌개,전문음식
60,4dadd1c9700b53cc3022d2c0e204e6fb,옛날시골밥상[한식],한식
61,6ba152cbfbd8f4d384d461615e613acb,소령원숲속,전문음식
62,26921981a5fc301810ec16912467aaf5,스타벅스파주금릉역점,카페/찻집
63,62138cde01f1ce7f817b2d68e203387d,황인용뮤직스페이스카메라타,카페/찻집
64,088fe4582c122099f82164a7fd11729f,신간짬뽕금촌점 [중식],외국식
65,d6caa36b6ac62d1ba88b39e6f4e29962,양순자낙지마당,전문음식
66,59f77746add04627f8f0895c5489fc78,평양손만두파주운정점,한식
67,226f325a7b2e758117f6d8c3d12910f6,파베뉴,카페/찻집
68,c7854514c1ab5d213113de0aca09eaf1,심학산뜨락,한식
69,d6ec4b067b2617760949edcb3afd362b,KFC파주운정DI점,간이음식
70,96b3759a49fc73efddf7c74ce0c88188,아이노스,카페/찻집
70,f1504363268485568b0055e92d5a5c58,약선마을,한식
72,c3c2e4e6bf13e664d0affbf723dd14ae,초계탕,한식
73,b4698b22ed1401f23466a21a55d0cf21,소령원장단콩두부마을,한식
74,461cb896af28f86ecd40929980260df4,출렁다리국수,한식
75,22c7545017c005f942885bc8a3e2cd69,장어명가지중해,전문음식
76,49f0135e7f9c9fb983305786120295df,스타벅스파주운정점,카페/찻집
77,48778025abcee3befe4a1e09d50a2545,마장호수가든,한식
78,fc6b3005546110626b40ac3d7d98bd03,샘뜰두부집,전문음식
79,658e5ce0616c78221ec181ba67ad3bc6,망향비빔국수파주점,한식
80,c7bb71a6502db41ef51d298d514d2c79,사색찬미한정식[한식],한식
81,90a0af0fbccebf1be0a853b80a7e42f0,두둑한한판,한식
82,eb0e176527018ed1872b057fc5a0ac42,청종나주곰탕파주본점,한식
83,a6f4edd7a93e34997d8d580de003a6a1,류재은베이커리행복점,간이음식
84,a92b5f46ac324d622594f9442aa7e600,억부인국수집,한식
85,350e7a16d3817133abbac7afbcd2c87d,쇠장명가,한식
86,a22e939234a2ada731f8d2bfe0a895a2,스타벅스파주산내점,카페/찻집
87,5e125abe74461455dce9fb7afb4008a9,손탁커피,카페/찻집
88,1eae1e01b893ef1e9909f6a5d2fea8f1,전국목장연합,한식
89,58b77483c5ee3733e6f573d26e5a55bd,초원오리농장,전문음식
90,0786cf016ba88c5ada0e0b87e6526e8c,일산칼국수파주점,한식
91,1f620da0bf6ff9fd73121f3afa32c9ac,무즐라,카페/찻집
92,7e9400eaa02c655471fb55461c134136,로빈의숲,한식
93,f3160db88d4f648d12754a9eb846c594,두포리매운탕,한식
94,08ab684925efd205ca4e2338b843c1d1,류재은베이커리카페헤이리아트밸리점,간이음식
95,39218b1c1b62676b65bbedb7effdea3d,최고야손해물짬뽕[중식],외국식
96,efdd66797bcec11d0fe35d032b88e309,파주장단콩두부,한식
97,1271d6e1b032f86b521fd5b7a8de030c,레드맘마미아,외국식
98,e6ce3ea99bbf8c6ea1855aaaaa3676bb,개성손만두파주점,한식
99,a5af150678a571d0cbe2883a7990d856,반구정임진강나루,전문음식
100,989a20b7320f274dbbc27a63dddc2d36,투썸플레이스파주봉일천점,카페/찻집
