﻿순위,분류,관련 키워드,언급건수
1,기타가족,가족,3468
2,친구,친구,2439
3,회사동료,직원,2163
4,기타가족,엄마,1482
5,싱글,혼자,1184
6,부모님,부모,1136
7,기타가족,가정,1036
8,회사동료,대리,959
9,배우자,남편,943
10,친구,친구들,938
11,자녀,학생,870
12,친구,지인,845
13,부모님,부모님,756
14,부모님,아빠,683
15,자녀,아들,609
16,자녀,자녀,595
17,기타가족,언니,511
18,연인,연인,506
19,기타가족,동생,497
20,자녀,청소년,487
21,기타가족,오빠,482
22,연인,커플,417
23,회사동료,직원들,401
24,자녀,애들,396
25,배우자,부인,367
26,회사동료,부장,311
27,학생,초등학생,307
28,부모님,할머니,305
29,연인,남자친구,303
30,배우자,신랑,288
31,부모님,아버지,285
32,부모님,어머니,268
33,기타가족,동서,262
34,회사동료,동료,248
35,배우자,아내,241
36,싱글,혼자서,234
37,기타가족,이모,226
38,싱글,홀로,213
39,기타가족,장인,201
40,기타가족,장모,184
40,기타가족,고모,184
42,부모님,할아버지,166
43,기타가족,식구,164
44,자녀,딸,155
45,기타가족,형제,149
46,친구,프렌,148
47,학생,대학생,144
48,싱글,싱글,138
49,배우자,남편이랑,137
50,기타가족,효자,127
51,기타가족,조카,125
52,배우자,와이프,122
53,부모님,엄마아빠,119
53,연인,남친,119
55,자녀,자식,113
56,회사동료,임원,112
57,기타가족,패밀리,111
58,연인,여자친구,107
58,기타가족,친척,107
60,기타가족,손녀,105
60,기타가족,손자,105
62,기타가족,막내,104
63,기타가족,형,98
64,기타가족,누나,96
65,학생,고딩,94
65,부모님,어머님,94
67,부모님,엄빠,93
67,학생,중학생,93
69,학생,고등학생,91
70,기타가족,며느리,89
71,학생,초딩,84
72,부모님,아버님,81
73,배우자,배우자,75
74,기타가족,사촌,73
75,배우자,신부,68
75,자녀,장남,68
75,싱글,나홀로,68
78,부모님,시부,66
79,부모님,아비,65
79,회사동료,사원,65
81,기타가족,자매,63
82,기타가족,온가족,61
83,자녀,미성년자,59
84,학생,고3,57
84,친구,칭구,57
86,회사동료,차장,56
87,기타가족,삼촌,54
88,기타가족,사위,50
88,연인,남친이,50
90,부모님,아부지,48
91,기타가족,남매,46
92,싱글,나혼자,42
92,학생,중딩,42
92,자녀,아드님,42
95,기타가족,여동생,41
96,회사동료,직장동료,40
97,부모님,모녀,38
97,기타가족,시댁,38
99,자녀,우리아이,36
100,기타가족,형님,35
101,친구,절친,34
101,자녀,딸래미,34
101,기타가족,이모님,34
101,자녀,우리딸,34
105,부모님,외할머니,33
105,연인,여친,33
107,자녀,따님,32
107,부모님,시어머니,32
107,기타가족,남동생,32
110,기타가족,태아,31
110,자녀,딸아이,31
112,부모님,시부모,30
112,연인,애인,30
112,부모님,친정엄마,30
112,부모님,울엄마,30
116,자녀,큰아들,29
117,기타가족,손주,28
117,부모님,증조부,28
117,부모님,할매,28
120,자녀,워킹맘,26
121,부모님,시모,25
122,부모님,어무니,24
122,부모님,조부모,24
122,자녀,울애,24
122,친구,동창,24
122,학생,고2,24
122,기타가족,차남,24
122,부모님,시부모님,24
129,자녀,울애기,23
130,기타가족,형부,22
130,학생,중2,22
130,학생,중1,22
133,학생,중3,21
133,기타가족,사촌동생,21
133,자녀,아들램,21
136,기타가족,막둥이,20
136,자녀,딸내미,20
138,자녀,장녀,19
139,배우자,남편님,18
139,기타가족,외삼촌,18
141,자녀,큰딸,17
141,연인,남치니,17
143,배우자,남표니,16
143,자녀,딸램,16
143,배우자,서방,16
143,자녀,큰아이,16
147,기타가족,숙부,15
148,자녀,우리아이들,14
148,부모님,외할아버지,14
148,기타가족,효녀,14
148,자녀,아들래미,14
152,학생,고삼,13
152,부모님,시아버지,13
152,자녀,우리애,13
152,자녀,맏아들,13
156,부모님,할머님,12
156,배우자,마누라,12
156,배우자,남푠,12
156,부모님,장모님,12
156,기타가족,친지,12
161,부모님,시아버님,11
162,배우자,집사람,10
162,친구,베프,10
162,기타가족,이모님들,10
162,학생,초6,10
162,연인,남친님,10
162,기타가족,사돈,10
162,배우자,마눌,10
169,자녀,차녀,9
169,부모님,시어머님,9
169,기타가족,처제,9
172,기타가족,손자들,8
172,자녀,외동,8
172,연인,예랑,8
172,자녀,아들내미,8
172,자녀,아들딸,8
172,회사동료,여직원,8
172,부모님,할무니,8
172,자녀,우리아들,8
172,자녀,둘째아들,8
172,자녀,울아들,8
172,학생,초3,8
172,학생,초1,8
184,기타가족,울언니,7
184,배우자,예랑이,7
184,기타가족,숙모,7
184,자녀,삼둥이,7
184,자녀,저희아이,7
184,회사동료,회사동료,7
184,배우자,남펴니,7
184,자녀,아들녀석,7
184,자녀,큰애,7
193,부모님,엄니,6
193,기타가족,혈육,6
193,배우자,예신,6
193,부모님,친정아빠,6
193,싱글,독신,6
193,학생,초5,6
193,기타가족,외손녀,6
193,기타가족,장손,6
193,연인,썸남,6
193,친구,남사친,6
193,부모님,장인어른,6
193,친구,룸메,6
193,기타가족,손주들,6
193,배우자,마눌님,6
207,부모님,친정아버지,5
207,자녀,울딸,5
207,학생,초2,5
207,배우자,마님,5
207,자녀,젖먹이,5
207,학생,초4,5
207,싱글,싱글족,5
214,기타가족,친정식구,4
214,기타가족,시누,4
214,기타가족,올케,4
214,기타가족,새언니,4
214,배우자,저희남편,4
214,배우자,우리마누라,4
214,자녀,저희아들,4
214,배우자,주말부부,4
214,연인,여친님,4
214,부모님,할부지,4
214,친구,여사친,4
214,연인,예비신부,4
214,자녀,우리애들,4
227,연인,남친몬,3
227,연인,썸녀,3
227,부모님,할아버님,3
227,부모님,친정아부지,3
227,연인,예비신랑,3
227,자녀,여식,3
227,배우자,낭군님,3
227,자녀,둥이들,3
227,자녀,둥이맘,3
227,배우자,애아빠,3
227,자녀,직장맘,3
227,배우자,아자씨,3
227,배우자,저희신랑,3
227,배우자,애엄마,3
227,부모님,할아부지,3
227,기타가족,가족모두,3
227,자녀,큰놈,3
227,자녀,첫째아이,3
227,친구,프렌드,3
227,자녀,맏딸,3
227,자녀,둘째딸,3
248,부모님,시어른,2
248,자녀,외동딸,2
248,자녀,저희애들,2
248,자녀,둘째아이,2
248,부모님,외할배,2
248,기타가족,덩생,2
248,배우자,새색시,2
248,배우자,우리신랑,2
248,자녀,딸냄,2
248,자녀,첫아이,2
248,배우자,울신랑,2
248,자녀,손녀딸,2
248,자녀,저희딸,2
248,자녀,초보엄마,2
248,부모님,어무이,2
248,부모님,친정어머니,2
248,자녀,첫째아들,2
248,기타가족,시누이,2
248,부모님,할배,2
248,자녀,저희애,2
248,자녀,첫째딸,2
248,기타가족,육촌,2
248,자녀,초보맘,2
248,배우자,와이프님,2
248,싱글,혼자남,2
248,자녀,외아들,2
248,부모님,시어미,2
248,기타가족,시댁식구,2
248,부모님,시엄마,2
248,부모님,할버지,2
278,기타가족,친정식구들,1
278,부모님,양가부모님,1
278,부모님,증조모,1
278,배우자,애기아빠,1
278,자녀,울아이,1
278,기타가족,맏며느리,1
278,자녀,작은놈,1
278,회사동료,회사직원,1
278,부모님,시아빠,1
278,부모님,예비시어머니,1
278,부모님,외할매,1
278,자녀,딸자식,1
278,자녀,작은녀석,1
278,배우자,남편느님,1
278,배우자,남푠님,1
278,부모님,외할머님,1
278,부모님,친정맘,1
278,배우자,애들엄마,1
278,부모님,예비시아버님,1
278,싱글,혼행,1
278,학생,재수생,1
278,기타가족,외손자,1
278,부모님,외할부지,1
278,기타가족,사돈댁,1
278,배우자,아이아빠,1
278,부모님,시엄니,1
278,기타가족,시동생,1
278,회사동료,회사사람,1
278,회사동료,회사선배,1
278,자녀,외동아들,1
278,기타가족,시댁식구들,1
278,기타가족,큰며느리,1
278,배우자,마느님,1
278,친구,룸메이트,1
