﻿순위,분류,관련 키워드,언급건수
1,기타가족,가족,2572
2,친구,친구,1739
3,회사동료,직원,1544
4,기타가족,엄마,1044
5,싱글,혼자,841
6,기타가족,가정,786
7,부모님,부모,749
8,자녀,학생,730
9,친구,친구들,699
10,배우자,남편,663
11,부모님,부모님,511
12,친구,지인,496
13,자녀,청소년,493
14,부모님,아빠,468
15,자녀,아들,450
16,회사동료,대리,387
17,자녀,애들,365
18,연인,커플,362
19,기타가족,언니,357
20,기타가족,오빠,347
21,기타가족,동생,343
22,연인,연인,323
23,연인,남자친구,291
24,부모님,아버지,269
25,자녀,자녀,248
26,회사동료,동료,227
27,회사동료,직원들,221
28,기타가족,장인,218
29,배우자,신랑,216
30,부모님,할머니,208
31,부모님,어머니,198
32,배우자,아내,197
33,싱글,혼자서,177
34,기타가족,이모,176
35,학생,초등학생,167
36,기타가족,동서,140
37,학생,대학생,127
38,기타가족,조카,125
39,자녀,딸,106
40,싱글,홀로,105
41,기타가족,형제,104
42,친구,프렌,100
43,기타가족,자매,95
44,싱글,싱글,94
44,배우자,남편이랑,94
46,부모님,할아버지,91
47,자녀,자식,85
48,연인,남친,84
49,배우자,부인,83
49,부모님,어머님,83
51,배우자,와이프,82
52,부모님,아비,81
53,기타가족,사위,80
54,회사동료,직장동료,79
55,기타가족,막내,78
56,회사동료,부장,77
57,연인,여자친구,75
58,배우자,배우자,73
59,기타가족,식구,68
60,학생,초딩,67
61,부모님,엄마아빠,63
61,기타가족,형,63
63,회사동료,사원,62
64,회사동료,임원,57
65,기타가족,패밀리,53
65,부모님,친정엄마,53
67,부모님,엄빠,52
68,싱글,나혼자,51
68,기타가족,온가족,51
70,기타가족,누나,50
71,자녀,장남,49
71,기타가족,사촌,49
73,학생,고등학생,48
74,기타가족,효자,44
75,회사동료,차장,42
76,학생,중학생,40
77,기타가족,손자,36
78,기타가족,남동생,35
78,기타가족,친척,35
78,기타가족,이모님,35
81,자녀,우리아이,34
81,친구,칭구,34
81,기타가족,남매,34
81,학생,고3,34
81,기타가족,시댁,34
81,연인,애인,34
81,부모님,아부지,34
88,자녀,딸아이,33
88,부모님,아버님,33
90,기타가족,형님,32
90,자녀,아드님,32
92,배우자,신부,30
92,부모님,시부,30
92,기타가족,며느리,30
95,친구,동창,29
95,싱글,나홀로,29
95,연인,남친이,29
95,기타가족,여동생,29
99,기타가족,손주,23
99,기타가족,고모,23
101,부모님,시어머니,22
101,부모님,외할머니,22
103,자녀,딸래미,21
104,기타가족,손녀,20
104,자녀,우리딸,20
106,학생,고딩,19
106,자녀,워킹맘,19
106,기타가족,삼촌,19
106,부모님,울엄마,19
106,자녀,따님,19
106,친구,절친,19
106,기타가족,막둥이,19
113,기타가족,사촌동생,18
113,부모님,시부모,18
113,부모님,모녀,18
113,기타가족,형부,18
113,자녀,큰애,18
113,자녀,딸램,18
119,학생,고2,17
120,자녀,우리아이들,16
120,부모님,시부모님,16
122,자녀,큰아들,15
122,배우자,남펴니,15
122,기타가족,효녀,15
122,자녀,큰아이,15
126,자녀,큰딸,14
127,학생,중3,13
127,부모님,어무니,13
127,기타가족,장모,13
127,부모님,할매,13
127,기타가족,숙부,13
132,자녀,우리애,12
132,자녀,장녀,12
132,배우자,서방,12
132,기타가족,차남,12
132,연인,여친,12
132,배우자,집사람,12
138,부모님,시어머님,11
138,자녀,울애,11
138,자녀,우리아들,11
138,자녀,미성년자,11
138,부모님,시아버지,11
138,부모님,외할아버지,11
138,자녀,삼둥이,11
145,부모님,조부모,10
145,부모님,할무니,10
145,배우자,남표니,10
145,기타가족,친지,10
145,연인,남치니,10
145,자녀,아들램,10
151,기타가족,올케,9
151,학생,재수생,9
151,연인,남친몬,9
151,자녀,울애기,9
151,기타가족,태아,9
151,배우자,남편님,9
151,자녀,외동,9
151,자녀,차녀,9
151,자녀,맏아들,9
160,회사동료,여직원,8
160,기타가족,외삼촌,8
160,부모님,증조부,8
160,자녀,저희딸,8
160,기타가족,사돈,8
160,자녀,울아들,8
160,학생,중1,8
160,학생,초1,8
160,자녀,아들래미,8
160,친구,베프,8
160,학생,중딩,8
171,기타가족,이모님들,7
171,자녀,아들내미,7
171,배우자,저희남편,7
171,학생,중2,7
171,배우자,남푠,7
171,기타가족,손주들,7
171,부모님,장모님,7
178,배우자,마님,6
178,배우자,예신,6
178,부모님,엄니,6
178,자녀,외동아들,6
178,학생,고삼,6
178,부모님,장인어른,6
178,기타가족,숙모,6
185,자녀,저희아이,5
185,부모님,친정아버지,5
185,부모님,친정어머니,5
185,부모님,할부지,5
185,친구,룸메,5
185,기타가족,처제,5
185,연인,예비신부,5
185,자녀,딸내미,5
185,학생,초3,5
194,배우자,우리신랑,4
194,부모님,시아버님,4
194,싱글,독신,4
194,자녀,첫째딸,4
194,친구,여사친,4
194,자녀,외동딸,4
194,기타가족,가족모두,4
194,자녀,둘째아들,4
194,자녀,우리애들,4
194,배우자,마누라,4
194,부모님,시모,4
205,부모님,어무이,3
205,기타가족,맏며느리,3
205,자녀,첫아이,3
205,배우자,울신랑,3
205,연인,예랑,3
205,학생,초5,3
205,학생,초4,3
205,부모님,증조모,3
205,자녀,울딸,3
205,배우자,와이프님,3
205,자녀,저희아들,3
205,자녀,큰놈,3
205,부모님,할머님,3
205,학생,초6,3
205,기타가족,혈육,3
205,배우자,예랑이,3
205,기타가족,시동생,3
205,배우자,애엄마,3
205,회사동료,직장상사,3
205,배우자,마눌,3
205,연인,썸남,3
205,자녀,아들녀석,3
205,배우자,마눌님,3
228,부모님,친정맘,2
228,자녀,딸냄,2
228,기타가족,시누,2
228,부모님,할마,2
228,자녀,둥이들,2
228,부모님,할배,2
228,친구,남사친,2
228,기타가족,육촌,2
228,기타가족,장손,2
228,기타가족,외손녀,2
228,자녀,젖먹이,2
228,기타가족,울언니,2
228,자녀,외아들,2
228,회사동료,회사사람,2
228,기타가족,시댁식구,2
228,기타가족,시댁식구들,2
228,부모님,시엄마,2
228,배우자,아이아빠,2
228,연인,여친님,2
228,자녀,첫째아이,2
228,자녀,첫딸,2
249,배우자,남푠님,1
249,자녀,아들딸,1
249,자녀,울둥이,1
249,회사동료,회사후배,1
249,배우자,애들아빠,1
249,연인,예비신랑,1
249,부모님,시아빠,1
249,회사동료,회사동료,1
249,부모님,할아부지,1
249,자녀,저희애,1
249,기타가족,시댁어른,1
249,부모님,양가부모님,1
249,자녀,저희애들,1
249,학생,초2,1
249,배우자,안사람,1
249,자녀,둘째아이,1
249,기타가족,외손자,1
249,기타가족,손자들,1
249,배우자,남의편,1
249,부모님,할아버님,1
249,자녀,알파맘,1
249,자녀,울아이,1
249,배우자,애아빠,1
249,연인,약혼녀,1
249,자녀,손녀딸,1
249,자녀,울애들,1
249,자녀,맏딸,1
249,연인,피앙세,1
249,배우자,영감님,1
249,자녀,둘째딸,1
249,친구,룸메이트,1
249,배우자,주말부부,1
249,부모님,시엄니,1
249,부모님,어머니아버지,1
249,연인,남친님,1
249,친구,프렌드,1
249,자녀,울아이들,1
249,부모님,할멈,1
