﻿지표 코드,지표명,지표 순위값,지역명
1,방문자유입,18,남양주시
2,숙박방문자 비율,24,남양주시
3,체류시간,117,남양주시
4,목적지 검색량,8,남양주시
5,관광소비,17,남양주시
1,방문자유입,38,시흥시
2,숙박방문자 비율,54,시흥시
3,체류시간,140,시흥시
4,목적지 검색량,22,시흥시
5,관광소비,22,시흥시
1,방문자유입,34,파주시
2,숙박방문자 비율,47,파주시
3,체류시간,124,파주시
4,목적지 검색량,4,파주시
5,관광소비,15,파주시
1,방문자유입,37,김포시
2,숙박방문자 비율,52,김포시
3,체류시간,99,김포시
4,목적지 검색량,18,김포시
5,관광소비,21,김포시
