﻿언어명,관광지명,구분
영어권,Panmunjeom (Joint Security Area) (판문점),역사관광지
영어권,Imjingak Resort (파주 임진각(평화누리공원)),역사관광지
영어권,Dora Observatory (도라전망대),건축/조형물
영어권,Odusan Unification Observatory (오두산 통일전망대),건축/조형물
영어권,Dorasan Station (도라산역),역사관광지
영어권,Camp Greaves DMZ Experience Center (캠프 그리브스),역사관광지
영어권,Provence Village (프로방스 마을),체험관광지
영어권,Paju Book City (파주출판도시),산업관광지
영어권,Heyri Art Valley (헤이리 예술마을),체험관광지
영어권,The 3rd Tunnel (Dorasan Observatory) (제3땅굴),역사관광지
영어권,Paju Unification Park (통일공원(파주)),역사관광지
영어권,Byeokchoji Gardens (벽초지수목원),자연관광지
영어권,Paju Three Royal Tombs [UNESCO World Heritage] (파주 삼릉 [유네스코 세계문화유산]),역사관광지
영어권,Soulone Botanical Garden (소울원),자연관광지
영어권,Museum of Musical Instruments of the World (세계민속악기박물관),문화시설
영어권,Hwaseokjeong Pavilion (화석정),역사관광지
영어권,Paju Gamaksan Mountain (감악산 (파주)),자연관광지
영어권,Time & Blade Museum (타임앤블레이드 박물관),문화시설
영어권,Paju Bogwangsa Temple (보광사(파주)),역사관광지
영어권,Paju Historical Site Related to Yi I (파주이이유적),역사관광지
영어권,Paju Jangneung Royal Tomb [UNESCO World Heritage] (파주 장릉(인조_ 인열왕후) [유네스코 세계문화유산]),역사관광지
영어권,Odusanseong Fortress (파주 오두산성),역사관광지
영어권,Seoul Action School (Martial Arts Center) (서울액션스쿨 (마샬아트센터)),육상 레포츠
영어권,Byeokbong Korea Jewelry Museum (벽봉한국장신구박물관),문화시설
