﻿지표 코드,지표명,지표 순위값,지역명
1,방문자유입,21,남양주시
2,숙박방문자 비율,21,남양주시
3,체류시간,93,남양주시
4,목적지 검색량,9,남양주시
5,관광소비,19,남양주시
1,방문자유입,49,시흥시
2,숙박방문자 비율,48,시흥시
3,체류시간,110,시흥시
4,목적지 검색량,25,시흥시
5,관광소비,23,시흥시
1,방문자유입,41,파주시
2,숙박방문자 비율,42,파주시
3,체류시간,92,파주시
4,목적지 검색량,5,파주시
5,관광소비,22,파주시
1,방문자유입,52,김포시
2,숙박방문자 비율,51,김포시
3,체류시간,82,김포시
4,목적지 검색량,23,김포시
5,관광소비,25,김포시
