﻿업종중분류명,업체명,방문자수,순위
음식,스타벅스/파주야당DT점,45.0,1
음식,더티트렁크,24.0,2
음식,앤드테라스/파주점,23.0,3
음식,레드파이프,18.0,4
음식,심학산도토리국수/본점,13.0,5
음식,버터킹빵공장,13.0,6
음식,라플란드,12.0,7
음식,평양손만두/파주운정점,12.0,8
음식,브런치빈/운정점,10.0,9
음식,밀팟,10.0,10
쇼핑,롯데프리미엄아울렛/파주점,318.0,1
쇼핑,신세계프리미엄아울렛/파주점,210.0,2
쇼핑,이마트/파주운정점,100.0,3
쇼핑,홈플러스/파주운정점,59.0,4
쇼핑,이마트/파주점,19.0,5
쇼핑,운정가구타운,13.0,6
쇼핑,홈플러스/파주문산점,6.0,7
쇼핑,신세계팩토리스토어/파주점,4.0,8
쇼핑,이채쇼핑몰,3.0,9
쇼핑,대하마트,2.0,10
문화관광,운정호수공원,28.0,1
문화관광,평화누리,25.0,2
문화관광,자유로자동차극장,13.0,3
문화관광,CGV/파주야당,12.0,4
문화관광,메가박스/파주운정,12.0,5
문화관광,메가박스/파주출판도시,9.0,6
문화관광,퍼스트가든,8.0,7
문화관광,롯데시네마/파주운정,7.0,8
문화관광,퍼스트가든자동차극장,7.0,9
문화관광,운정건강공원,5.0,10
