﻿유형 중분류명,유형 소분류명,중분류 검색건수 비율,소분류 검색건수 비율
음식,한식,73.0,36.5
음식,간이음식,73.0,11.4
음식,외국식,73.0,11.0
음식,음식점기타,73.0,0.9
음식,전문음식,73.0,23.8
음식,카페/찻집,73.0,16.5
쇼핑,기타쇼핑시설,10.4,2.9
쇼핑,쇼핑몰,10.4,97.1
문화관광,공연시설,10.0,27.0
문화관광,기타문화관광지,10.0,1.2
문화관광,도시공원,10.0,56.1
문화관광,레저스포츠시설,10.0,6.2
문화관광,전시시설,10.0,6.3
문화관광,테마공원,10.0,3.2
숙박,모텔,3.9,17.2
숙박,캠핑,3.9,1.6
숙박,호스텔,3.9,2.5
숙박,호텔,3.9,78.6
레저스포츠,기타레저스포츠,1.3,0.9
레저스포츠,육상레저스포츠,1.3,14.2
레저스포츠,수상레저스포츠,1.3,84.9
기타관광,기타관광,0.8,100.0
역사관광,종교성지,0.4,93.9
역사관광,역사유적지,0.4,6.1
자연관광,자연경관(산),0.1,100.0
체험관광,농/산/어촌체험,0.1,100.0
