﻿순위,관광지ID,관광지명,분류
1,f0ad8e376bda7b0a53c69207a42c4ea2,신세계프리미엄아울렛파주점,쇼핑몰
2,aef708dfe912d4f1d3406ba3e13f8e29,금촌역,교통시설
3,28205aacab0912318ebe1d1331d29edc,롯데프리미엄아울렛파주점,쇼핑몰
4,e92345af217684562e5efed50a759b45,문산역,교통시설
5,8a43068f6bfa2c01a05fe0ef8bfb3c82,운정역,교통시설
6,035abbfef151ec9c0b1af40615f719b1,헤이리예술마을,기타관광
7,5c34a4a6cbc89908e092403de0e7cc3c,평화누리,도시공원
8,e8f4371db3097525813a8ac3deaa2093,마장호수출렁다리,기타관광
9,0a6f35411708fdb9548b8eb83005b60e,운정호수공원,도시공원
10,c7ac95f733903a098f4d8230d8a913eb,CGV파주야당,공연시설
11,d6c62dbdf762c441e488d42832e6da07,임진각,기타관광
12,3c89df4eef0302e40dbdd5832e262fe5,프로방스,기타관광
13,b1b7fe84a7d62a2e75e88e09276be6c0,임진각평화누리캠핑장,캠핑
14,96d2796be471c2ef567bb4a46f07bfc9,감악산출렁다리,기타관광
15,495b2cc1cf7121292a0e426c16967ba6,퍼스트가든,복합관광시설
16,83beb24d558e448e6cbb3ba4fdfbf377,보광사,종교성지
17,e1a30f9e7254555ab8502aece514d7f5,서원힐스CC,육상레저스포츠
18,900e6eaf936bb8e0f965e500f2dde3f8,파주시민회관대공연장,공연시설
19,04a0154e9869db9bf645448404707719,파주리조트골프클럽PRGC,육상레저스포츠
20,c1816c5022f03ebfd494cbdac2b4814a,파주CC,육상레저스포츠
21,d089f5135b655d8c0f39853d2cc2d0af,자유로자동차극장,공연시설
22,382f4c95b87ee7b8a0ed07179b22f27f,금촌전통시장,시장
23,4620c27e44070de402de83dc11609bd2,파주역,교통시설
24,c664700bd14e49b091436d84378c0391,케이힐스더테라스,호텔
25,00d198d86f7024b1d0a696295f668978,운정가구타운,기타쇼핑시설
26,ab877cfe858382acf39ee3115fe1053e,타이거CC,육상레저스포츠
26,bc78c14553ba3a0161e53727d724104e,메가박스파주운정,공연시설
28,7f173be334b2e7d6b9658b4b366402b0,율곡수목원,자연공원
29,1ce722f6c6fefa534664cfabb2019f22,서서울CC,육상레저스포츠
30,1a4c87742e33ead5b9b3c40c459ac1a2,벽초지수목원,테마공원
31,d6a972d506b2b7e7e7d680d25c30463a,하니랜드,테마공원
32,4cc3ba145498006d92d61503d06d3031,롯데시네마파주운정,공연시설
33,3b8daccd597a508de28c1f45dd56fed1,아미가골프장,육상레저스포츠
34,e2b7c908078f80d58777a8ffe2b4c1a9,메가박스파주출판도시,공연시설
34,9a1b61a4967c1ba371d13a2aaddb6e34,스마트KU골프파빌리온,육상레저스포츠
36,e7e183dedfbef97f99b152c3974a7072,노스팜CC,육상레저스포츠
37,c8a2d04e988792042ca48dfde9d1407f,오성골프클럽,육상레저스포츠
38,a6bfcfc8e188c6ba0b105f6eda96a6ca,파주놀이구름,테마공원
39,d38b03ce3f2dab83468c6b25e62298a9,운정건강공원,도시공원
40,8695b2de3cc23c156b366608d9b89885,약천사,종교성지
41,2da3df196ff25fa5183cddba80a6df9b,심학산,자연경관(산)
42,de19ce157c4210ec93d222a2823dd90f,서원밸리CC,육상레저스포츠
43,4b617d7bd2ce453f3bd1e950b5dc08a7,더초리골수영장,테마공원
44,a91da1956b3b8924da77f30f09309756,국립민속박물관파주,전시시설
45,41e00ec5d68c9ee6425522aab554349d,문산자유시장,시장
46,a41e67d5eda4148f550121b1a7d76792,구 적성버스공용터미널,교통시설
47,079875e322fb509084fdb838b8cb2ce2,오두산통일전망대,랜드마크관광
48,1e2e763c5f4343a048cbab40d87e3029,파주J퍼블릭GC,육상레저스포츠
49,f78416774c6b489e23b5aa6b84c8fce4,파주이이유적,역사유적지
50,7cb02cfaa4a6b43d826fa840a7cbdeff,CGV파주문산,공연시설
51,68a40fc5d3af9364317e6617c5ef97b6,교하중앙공원,도시공원
52,0ef8b4527ee20b9330955f845ec78ed5,파크뷰테라스,호텔
53,a686796da41e7668fd1a48c765380039,보광사계곡,자연경관(산)
53,6fa2aa22c0de9d24cf98fe0096ea5feb,호텔시에나,호텔
55,f7688e9e63207c3f02fa33de4729c77f,베스트밸리GC,육상레저스포츠
56,0dea30e8015f5327c36a53a5d783f2fa,새암공원,도시공원
57,54453c47ca46977e1c497207638d0101,쇠꼴마을야외수영장,테마공원
58,bc680d582b21d2f20c185abbe4ceed90,지지향게스트하우스,호스텔
59,394267994d84ed879274bf65b8ed19fe,율곡습지공원,도시공원
59,960a133e5e452ad72bc27a9701c308bd,메가박스파주금촌,공연시설
61,c6abb28f2eb2aff78336127606ad3bea,이채쇼핑몰,쇼핑몰
62,750985c562e39bebf6af094dbfc0a121,파주삼릉,역사유적지
63,85a33edd9d7ef8c4b9e2b18e697b5390,동화힐링캠프,캠핑
64,bb4e1f5bdc3916fd604a1b3ffe5a8407,봉일천종합시장,시장
65,e3eb11d5fc8791b1c6a6efe4d62ae5ba,발랑저수지,자연경관(하천/해양)
65,c821a7f19ce56bc0a7cd7777a19835b1,파주팜랜드,기타관광
67,fcb65b55359c8d8003b516c29e5a11c1,금촌통일시장,시장
68,2c01b8ee1f8b05ae18dc276553868cc6,그랜드승마장,육상레저스포츠
69,14082994bcfa860b85123af88a96614d,퇴골계곡,자연경관(산)
70,0c6095f0d9f62f7b39aa1e14cd72a2ba,광탄낚시레저타운,수상레저스포츠
71,1314c9f0ae8d677e88b3e5f4c5df368b,감악산계곡,자연경관(산)
71,c7ee2677a009b1f32ae318a5a0000c62,태양힐링숲,캠핑
73,ea9af19872ea6f89502ae63c8b83367a,명필름아트센터,기타문화관광지
74,fad47b7f9ff375ff49586fc3c8acd775,파주파비뇽아울렛,쇼핑몰
75,fecd9849410ecc9e0090ee03c761347f,화석정,역사유적지
75,821c0eb399345f9c93caa92a9a5bdafc,마장리계곡,자연경관(산)
77,5d5371f42f0810ad3c516923ccc485b1,문화레저낚시터,수상레저스포츠
78,0f3d8c6ee51560fd404daedea8769c74,황포돛배나루터,기타관광
78,e2e3b0c93e0f124a2c5d815d592fe9dc,영국군전적비,역사유물
80,d80e1b8c379a799fdd353e52749a83a6,미즈호텔,모텔
80,3bffd5b411bdf8e13136ce4afd14ca1c,월롱시민공원,도시공원
82,e9f42735eb7b23daadffee64c70dc06d,파만장,기타레저스포츠
82,91d10c23191ef97428aee613b4f2e677,장산전망대,랜드마크관광
82,7bd74b72e878e4d13a305806f9356bff,마장두레마을야외수영장,테마공원
85,25b9b4eadea9543fef98c9ce4674583c,교하체육공원,도시공원
86,8efefc6a37c8422479f73ea89dc4c47a,하마캠핑장,캠핑
87,30059f2366c55545d5e361c9c9ad11f3,금곡낚시터,수상레저스포츠
88,e2ef2bf062004358fc41066d7e6b9918,마리호텔,호텔
88,e8a59e615752b49be6eac5e5f6ed1154,파인빌골프클럽,육상레저스포츠
90,877f0160d905ac319322724a9592986b,파주공룡박물관,전시시설
91,1dbb14fa93954417628146ea816c62a5,소울원,테마공원
92,1aabc6f644c6f6a94ca0b88aceb07cfd,마장호수공원,도시공원
93,b3555e607a73971a1b8ddf464835c745,힐링그라운드,기타관광
93,1b0b6ba45c5dca45a2fc5fe763b8671d,적성계곡,자연경관(산)
93,d24e5f4d09f3d98cbf2353816aa38fa2,웨스트힐호텔,호텔
96,5f4eb09e90278cec45c8d49b8fc5dc4e,타조마을,농/산/어촌체험
97,e17cb97d3744ecd0cf941d9486fa4355,퍼스트가든자동차극장,공연시설
97,664ddc2b7d21e664f26ce5de8a3de40e,용암사,종교성지
97,88552146fa09562d9c573d614ab96a66,운천역,교통시설
100,4550db001612984b8a9659c0623e1bec,광탄시장,시장
