﻿순위,관광지ID,업소명,분류
1,357f0f3a1ef39f5f06dde3f2f6cc593e,뮌스터담,카페/찻집
2,aaa87c86646f26fb6d2303ee3ca586a5,더티트렁크,카페/찻집
3,4b7575d2a64ea3473880fe1838b6f3e2,갈릴리농원본관,전문음식
4,bad006bbedb44e6e4ef07895a314e7e1,앤드테라스파주점,카페/찻집
5,c3ce179673329f9f3c80fa57913ad561,레드파이프,카페/찻집
6,9937912f9b69fd3801ca420f673c36a2,반구정나루터집,전문음식
7,fd7d8928be0215068795e554cf4f0bbf,레드브릿지,카페/찻집
8,a55248ebeba926e53528618f7ab6ac32,심학산도토리국수본점,한식
9,301a49db5cb084ebe041ff2f59c5714f,청산어죽,한식
10,ca5d69dee48c1b93461ebc8491b6184f,문지리535,카페/찻집
11,7046e3099bd4c3d0b249bed821f9d7c4,통일동산두부마을,전문음식
12,ee1a0d56e766436beec174678b49d77b,삼고집파주점,한식
13,d694e8d956aa03f0eea9daf57258d10c,아티장베이커스파주점,간이음식
14,8abd20e849a08444ed3339238935e781,파주닭국수,한식
15,0a523af3b049c95f180988fd052d9eb3,브릭루즈,카페/찻집
16,cbcf11a11d4483e4df3d13be179580c1,원조두지리매운탕본점,한식
17,ff60878ce76ba222ffec402ec2429a12,버터킹빵공장,간이음식
18,a5f56696708a431401b65152a5c46c15,파주뼈칼국수교하제면소,한식
19,47c47a450c637ee4492d34f30f206863,양평해장국방축점,한식
20,f9ab148ed48809e8c32941f3e2afb592,복많네해물칼국수파주출판단지본점,한식
21,e37b6ce6ac8684b377c1e37e473f5cc3,스타벅스파주야당DT점,카페/찻집
22,62138cde01f1ce7f817b2d68e203387d,황인용뮤직스페이스카메라타,카페/찻집
23,2323d47699cc1882afcfca3a67684074,FILLMOOD,카페/찻집
24,f255cab9336d02381065a097816d5f14,가드너스,카페/찻집
25,f1d0688fd5bc1157bed02c6affde01d7,심학산두부마을,한식
26,d3fe3176f07e255a09046935344d9f67,원두막본점,한식
27,1da2b8cd21c2120c64604e65662c95e0,스타벅스파주문산DT점,카페/찻집
28,8388c44321d9e5659df7cee7807f10db,메주꽃[한식],한식
29,baed361595dc4b66ada52a89721f4ab4,전라도밥상,한식
30,c9acc7fb5a210fd8436a18acf26b0a63,파주돌짜장[중식],외국식
31,811c4126a326250620de2e3d5ae16643,폴콘파주본점,카페/찻집
32,ffb6768bcd7f500e240ae4e0ce69b5e3,가림시골밥상,한식
33,ef3d7596e0d90b9615d64f0481abefcb,타샤의정원[한식],한식
34,9a47e6d29414f4fc652f1e727b9d4c4d,모쿠슈라1호점,전문음식
35,9c63df7e63ef4f7f0fe857a18ddc3e46,숑스바베큐파주본점,한식
36,65519b689137e2e8134ce656738f6fb5,국물없는우동,외국식
37,95acd56ce59b557df4d1940dd740cd1a,라플란드,카페/찻집
38,737857df34f7b244b683799e660d9fd7,심학산장어,전문음식
39,2aa3609360bea13f635a5f7bf91ea318,무고레,한식
40,2539e333aa03d1c09bbfad6e8545423b,키누카누파주야당점,전문음식
41,4a9cb8acade38f52e441e57d1b18a832,식물감각,전문음식
42,ad88f58b3dbd5078c37a8b4106173c41,곤트란쉐리에파주점,간이음식
43,4aaee966bd76a8d4f9ce7ad11826b9a4,토향,한식
44,4aef56b098e7250a15f9b0b00b8392a4,벙커힐파주점,전문음식
45,e1ad4bb422c4422e405c2b422b431707,브런치빈운정점,전문음식
46,f3dc5cd3046bf706ccef8ffc575b131b,커피공장103헤이리점,카페/찻집
47,c7854514c1ab5d213113de0aca09eaf1,심학산뜨락,한식
47,e8f4c954720c18756069c2b26c630d8f,이삭토스트파주운정이마트점,간이음식
49,d6caa36b6ac62d1ba88b39e6f4e29962,양순자낙지마당,전문음식
50,5f6f2ee8fe37115f1e8cca7244dfe4aa,용궁칼국수파주본점,한식
51,e79c18296e95a9b22cdb20c0d4f5649e,소풍농월,카페/찻집
52,6fbd5ff085952a5abac284b6883e30fa,밀크북,카페/찻집
53,f1504363268485568b0055e92d5a5c58,약선마을,한식
54,7ef609196aaa77b9e05661c4c3ced6c9,조은도너츠,간이음식
55,ebb2420d413fa8b9bb75802b554ca422,궁중영의정인절미떡집,간이음식
56,c63dd07550fcb253cdcc0b6b46c4c771,스타벅스파주야당역점,카페/찻집
57,ea338bb9f87e70dfcda107be605208a6,훈장골파주점,한식
58,60a6e729b516ac4d5beefe498c318762,파주방축골한우마을,한식
59,862396d98989a5f7d58eba86064b02d4,테라스커피&국수,한식
60,af4f35cfdf6e6998842e33bf7a31330f,원조삼거리부대찌개,전문음식
60,a6f4edd7a93e34997d8d580de003a6a1,류재은베이커리행복점,간이음식
62,62d7b588d14fe671dc7b24c6e05fcd61,내사랑동까스,전문음식
63,59f77746add04627f8f0895c5489fc78,평양손만두파주운정점,한식
64,4dadd1c9700b53cc3022d2c0e204e6fb,옛날시골밥상[한식],한식
65,461cb896af28f86ecd40929980260df4,출렁다리국수,한식
66,9e8fe09e49aa3b5bd371ab3d2fdff7c7,르시랑스,카페/찻집
67,6ba152cbfbd8f4d384d461615e613acb,소령원숲속,전문음식
68,c7bb71a6502db41ef51d298d514d2c79,사색찬미한정식[한식],한식
69,e6ce3ea99bbf8c6ea1855aaaaa3676bb,개성손만두파주점,한식
70,eb0e176527018ed1872b057fc5a0ac42,청종나주곰탕파주본점,한식
71,088fe4582c122099f82164a7fd11729f,신간짬뽕금촌점 [중식],외국식
72,f79e99e78f8ac4ad4e24a31feb5561a9,나인블럭프로방스점,카페/찻집
73,a4856c8287d977723960f6a8345dd725,지씨에피세리,카페/찻집
74,b4698b22ed1401f23466a21a55d0cf21,소령원장단콩두부마을,한식
75,3a6c3504fff5351cf14f44a2828f7a09,DMZ장단콩두부마을,한식
75,67bed2bdc8ff02441344b37082edf397,교하정,한식
77,cb4dda3224b3090fa21dc60a141c7d81,장수대,한식
78,3ae3d535ac54cc1b4ae406963c4c3a33,카페8794,카페/찻집
79,9108f498e83c548fa2d745f4d6b5a2f1,뇌조리국수집,한식
79,1eae1e01b893ef1e9909f6a5d2fea8f1,전국목장연합,한식
81,fc6b3005546110626b40ac3d7d98bd03,샘뜰두부집,전문음식
82,58b77483c5ee3733e6f573d26e5a55bd,초원오리농장,전문음식
83,90a0af0fbccebf1be0a853b80a7e42f0,두둑한한판,한식
84,993d97545990ebd338b2ec0ba27afc88,원조부안집파주야당점,한식
85,f3160db88d4f648d12754a9eb846c594,두포리매운탕,한식
86,a9cef79b32f220fb8388088466bd10fa,피셔맨스키친파주운정점,외국식
87,350e7a16d3817133abbac7afbcd2c87d,쇠장명가,한식
88,49f0135e7f9c9fb983305786120295df,스타벅스파주운정점,카페/찻집
89,120484ff236a194fb95830dc6acd3bbf,잇탈리헤이리점,외국식
90,12ee239d54de18eda86df68661c9ccb7,미메시스아트뮤지엄카페,카페/찻집
91,4165cc34321753d0a2fd2abdab7f0ec9,밀밭식당,한식
92,226f325a7b2e758117f6d8c3d12910f6,파베뉴,카페/찻집
93,e6d011051a1014fd263c3b639797c9c7,출렁다리쌈밥마장호수본점,한식
94,850f95e73ff69b5b0dd61f8bd002eee7,오두산막국수본점,한식
95,e32c66051693f94e93cb0ce058462fab,맷돌우리콩감자탕본점,한식
96,c49c1d6e66adbdc8780c5633264f1506,별빛캠핑식당,전문음식
97,39218b1c1b62676b65bbedb7effdea3d,최고야손해물짬뽕[중식],외국식
98,a5af150678a571d0cbe2883a7990d856,반구정임진강나루,전문음식
98,efdd66797bcec11d0fe35d032b88e309,파주장단콩두부,한식
100,f9a93a4fc062175e200f25c06373c532,언칼국수금촌본점,한식
