순위,관광지ID,업소명,분류
1,aaa87c86646f26fb6d2303ee3ca586a5,더티트렁크,카페/찻집
2,357f0f3a1ef39f5f06dde3f2f6cc593e,뮌스터담,카페/찻집
3,dbc9168a6a836218c8f16ca21ca69aab,말똥도넛디저트타운파주점,카페/찻집
4,4b7575d2a64ea3473880fe1838b6f3e2,갈릴리농원본관,전문음식
5,bad006bbedb44e6e4ef07895a314e7e1,앤드테라스파주점,카페/찻집
6,2539e333aa03d1c09bbfad6e8545423b,키누카누파주야당점,전문음식
7,c3ce179673329f9f3c80fa57913ad561,레드파이프,카페/찻집
8,301a49db5cb084ebe041ff2f59c5714f,청산어죽,한식
9,0a523af3b049c95f180988fd052d9eb3,브릭루즈,카페/찻집
10,a55248ebeba926e53528618f7ab6ac32,심학산도토리국수본점,한식
11,ca5d69dee48c1b93461ebc8491b6184f,문지리535,카페/찻집
12,9937912f9b69fd3801ca420f673c36a2,반구정나루터집,전문음식
13,7046e3099bd4c3d0b249bed821f9d7c4,통일동산두부마을,전문음식
14,e37b6ce6ac8684b377c1e37e473f5cc3,스타벅스파주야당DT점,카페/찻집
15,f316eb563415769d11e988905cf8062e,207FEET파주본점,카페/찻집
16,95acd56ce59b557df4d1940dd740cd1a,라플란드,카페/찻집
17,491a66e11786052b37caf35aecd4e79b,해브펀카페베이커리,카페/찻집
18,ea338bb9f87e70dfcda107be605208a6,훈장골파주점,한식
19,ff60878ce76ba222ffec402ec2429a12,버터킹빵공장,간이음식
20,a5f56696708a431401b65152a5c46c15,파주뼈칼국수교하제면소,한식
21,1da2b8cd21c2120c64604e65662c95e0,스타벅스파주문산DT점,카페/찻집
22,f9ab148ed48809e8c32941f3e2afb592,복많네해물칼국수파주출판단지본점,한식
23,4aef56b098e7250a15f9b0b00b8392a4,벙커힐파주점,전문음식
24,ee1a0d56e766436beec174678b49d77b,삼고집파주점,한식
25,f063500256a2d5e1d016e053f6234141,소담촌파주운정역점,전문음식
26,59f77746add04627f8f0895c5489fc78,평양손만두파주운정점,한식
27,52c607075a6901d9c6ffb28c4a3fc6af,연리희재,카페/찻집
28,8abd20e849a08444ed3339238935e781,파주닭국수,한식
29,fd7d8928be0215068795e554cf4f0bbf,레드브릿지,카페/찻집
30,c63dd07550fcb253cdcc0b6b46c4c771,스타벅스파주야당역점,카페/찻집
31,ad88f58b3dbd5078c37a8b4106173c41,곤트란쉐리에파주점,간이음식
32,62d7b588d14fe671dc7b24c6e05fcd61,내사랑동까스,전문음식
33,062786a01fd2f46a693e0b991bf2366e,전주웰빙새알팥죽,간이음식
34,4b782d88bc6169887ab9283b0cc903c9,피스피스출판단지점,카페/찻집
35,67bed2bdc8ff02441344b37082edf397,교하정,한식
36,62138cde01f1ce7f817b2d68e203387d,황인용뮤직스페이스카메라타,카페/찻집
37,f255cab9336d02381065a097816d5f14,가드너스,카페/찻집
38,e6ce3ea99bbf8c6ea1855aaaaa3676bb,개성손만두파주점,한식
39,e1ad4bb422c4422e405c2b422b431707,브런치빈운정점,전문음식
40,edb0c6f261136053243ff1bbd1cb27ae,오디디,카페/찻집
41,5dfa8092f22ad2728b6f2e7c2c47cd2c,능골매운탕,한식
42,7ef609196aaa77b9e05661c4c3ced6c9,조은도너츠,간이음식
43,ef3d7596e0d90b9615d64f0481abefcb,타샤의정원[한식],한식
44,65519b689137e2e8134ce656738f6fb5,국물없는우동,외국식
45,f3dc5cd3046bf706ccef8ffc575b131b,커피공장103헤이리점,카페/찻집
46,cbcf11a11d4483e4df3d13be179580c1,원조두지리매운탕본점,한식
47,737857df34f7b244b683799e660d9fd7,심학산장어,전문음식
48,eaecebf3127012c84fc7822cf5b2be9c,심슨더스파이스,외국식
49,8388c44321d9e5659df7cee7807f10db,메주꽃[한식],한식
50,75b160c3097c65053a28b4169226ece7,생선굽는마을,한식
51,af4f35cfdf6e6998842e33bf7a31330f,원조삼거리부대찌개,전문음식
52,811c4126a326250620de2e3d5ae16643,폴콘파주본점,카페/찻집
53,f1d0688fd5bc1157bed02c6affde01d7,심학산두부마을,한식
54,9a47e6d29414f4fc652f1e727b9d4c4d,모쿠슈라1호점,전문음식
55,cb4dda3224b3090fa21dc60a141c7d81,장수대,한식
56,c9acc7fb5a210fd8436a18acf26b0a63,파주돌짜장[중식],외국식
57,088fe4582c122099f82164a7fd11729f,신간짬뽕금촌점 [중식],외국식
58,ebb2420d413fa8b9bb75802b554ca422,궁중영의정인절미떡집,간이음식
59,1cbb7831fd6c72632382e3e79e9a1fec,소플러스운정점,한식
60,26921981a5fc301810ec16912467aaf5,스타벅스파주금릉역점,카페/찻집
61,6fbd5ff085952a5abac284b6883e30fa,밀크북,카페/찻집
62,9e8fe09e49aa3b5bd371ab3d2fdff7c7,르시랑스,카페/찻집
63,c7854514c1ab5d213113de0aca09eaf1,심학산뜨락,한식
64,4aaee966bd76a8d4f9ce7ad11826b9a4,토향,한식
65,49f0135e7f9c9fb983305786120295df,스타벅스파주운정점,카페/찻집
66,3ae3d535ac54cc1b4ae406963c4c3a33,카페8794,카페/찻집
67,1eae1e01b893ef1e9909f6a5d2fea8f1,전국목장연합,한식
68,8eeba0c552d2d6f6f1aaf4baa61fe15f,순짬뽕본점 [중식],외국식
69,1ffda2dbefd704ecc11c40c1fd6b0c88,폴렌베이커리,간이음식
70,d694e8d956aa03f0eea9daf57258d10c,아티장베이커스파주점,간이음식
71,ffb6768bcd7f500e240ae4e0ce69b5e3,가림시골밥상,한식
72,40a1fbfb5057863de6e260003c7d5998,버거킹파주야당역점,간이음식
72,39218b1c1b62676b65bbedb7effdea3d,최고야손해물짬뽕[중식],외국식
74,1032b0f6e8415eb7e5691b9c48521122,총각네수산,전문음식
75,f9a93a4fc062175e200f25c06373c532,언칼국수금촌본점,한식
76,47c47a450c637ee4492d34f30f206863,양평해장국방축점,한식
77,0ce31eb9fce26bc000cca6a3bb144193,구끼구끼,한식
78,8cab7cc389266412124b71fbcde00618,바그,간이음식
79,2aa3609360bea13f635a5f7bf91ea318,무고레,한식
80,2323d47699cc1882afcfca3a67684074,FILLMOOD,카페/찻집
81,cd680219093543ce5127aa9012ca38c7,SUBWAY야당역점,간이음식
82,d6ec4b067b2617760949edcb3afd362b,KFC파주운정DI점,간이음식
83,5649226bf70af622d2d12fc80c440006,글램독그라운드파주점,카페/찻집
84,a6f4edd7a93e34997d8d580de003a6a1,류재은베이커리행복점,간이음식
85,c2d6b95264db61c4af21e6a89e4a21cb,다온숲풀빛정원,전문음식
86,72cb435ce5a04d741602970146175628,또오리파주일산점,전문음식
87,f8b8ef43071c60a4a7d9de7150ddd461,먹보한우파주점,한식
88,0fd354dbc0e1e8b44cd64761efa7d562,별난명태본점,한식
89,a22e939234a2ada731f8d2bfe0a895a2,스타벅스파주산내점,카페/찻집
90,55fa2365cf5a2c6bafa33d9d33859482,스타벅스파주가람점,카페/찻집
91,b2ab9804ff1489ba2e7c6e63b240cd3f,심학산바베큐그릴,전문음식
92,96b3759a49fc73efddf7c74ce0c88188,아이노스,카페/찻집
93,7e9400eaa02c655471fb55461c134136,로빈의숲,한식
94,91149f9664d169bc7ada8271afce05ab,만수옥,전문음식
95,1d75783f25d9aa6ca351cef7a6a155e9,마마경양식,전문음식
96,a9cef79b32f220fb8388088466bd10fa,피셔맨스키친파주운정점,외국식
97,58b77483c5ee3733e6f573d26e5a55bd,초원오리농장,전문음식
97,7f14a8a3a2dfc5f8a6e9f819be0dbdcd,운정골,한식
99,e2ac1d950959aef853cd76c052f31db8,알단테,외국식
100,1f620da0bf6ff9fd73121f3afa32c9ac,무즐라,카페/찻집
