순위,관광지ID,업소명,분류
1,357f0f3a1ef39f5f06dde3f2f6cc593e,뮌스터담,카페/찻집
2,bad006bbedb44e6e4ef07895a314e7e1,앤드테라스파주점,카페/찻집
3,aaa87c86646f26fb6d2303ee3ca586a5,더티트렁크,카페/찻집
4,dbc9168a6a836218c8f16ca21ca69aab,말똥도넛디저트타운파주점,카페/찻집
5,ca5d69dee48c1b93461ebc8491b6184f,문지리535,카페/찻집
6,2539e333aa03d1c09bbfad6e8545423b,키누카누파주야당점,전문음식
7,e37b6ce6ac8684b377c1e37e473f5cc3,스타벅스파주야당DT점,카페/찻집
8,0a523af3b049c95f180988fd052d9eb3,브릭루즈,카페/찻집
9,a55248ebeba926e53528618f7ab6ac32,심학산도토리국수본점,한식
10,c3ce179673329f9f3c80fa57913ad561,레드파이프,카페/찻집
11,1da2b8cd21c2120c64604e65662c95e0,스타벅스파주문산DT점,카페/찻집
11,c63dd07550fcb253cdcc0b6b46c4c771,스타벅스파주야당역점,카페/찻집
13,e1ad4bb422c4422e405c2b422b431707,브런치빈운정점,전문음식
14,eaecebf3127012c84fc7822cf5b2be9c,심슨더스파이스,외국식
15,ea338bb9f87e70dfcda107be605208a6,훈장골파주점,한식
16,62d7b588d14fe671dc7b24c6e05fcd61,내사랑동까스,전문음식
17,2fba09bc89481d8b0307a2f3e59220d8,마롱리면사무소카페,카페/찻집
18,491a66e11786052b37caf35aecd4e79b,해브펀카페베이커리,카페/찻집
18,4b7575d2a64ea3473880fe1838b6f3e2,갈릴리농원본관,전문음식
20,4aef56b098e7250a15f9b0b00b8392a4,벙커힐파주점,전문음식
21,301a49db5cb084ebe041ff2f59c5714f,청산어죽,한식
22,f9ab148ed48809e8c32941f3e2afb592,복많네해물칼국수파주출판단지본점,한식
23,95acd56ce59b557df4d1940dd740cd1a,라플란드,카페/찻집
24,52c607075a6901d9c6ffb28c4a3fc6af,연리희재,카페/찻집
25,ff60878ce76ba222ffec402ec2429a12,버터킹빵공장,간이음식
26,1032b0f6e8415eb7e5691b9c48521122,총각네수산,전문음식
27,7046e3099bd4c3d0b249bed821f9d7c4,통일동산두부마을,전문음식
27,9937912f9b69fd3801ca420f673c36a2,반구정나루터집,전문음식
29,f3dc5cd3046bf706ccef8ffc575b131b,커피공장103헤이리점,카페/찻집
30,67bed2bdc8ff02441344b37082edf397,교하정,한식
31,d6ec4b067b2617760949edcb3afd362b,KFC파주운정DI점,간이음식
32,02ff1c8879f32eb68400e892434dfa62,서쪽하늘,간이음식
33,c9acc7fb5a210fd8436a18acf26b0a63,파주돌짜장[중식],외국식
34,75b160c3097c65053a28b4169226ece7,생선굽는마을,한식
35,e6ce3ea99bbf8c6ea1855aaaaa3676bb,개성손만두파주점,한식
36,7f14a8a3a2dfc5f8a6e9f819be0dbdcd,운정골,한식
37,f9a93a4fc062175e200f25c06373c532,언칼국수금촌본점,한식
38,fd7d8928be0215068795e554cf4f0bbf,레드브릿지,카페/찻집
39,40a1fbfb5057863de6e260003c7d5998,버거킹파주야당역점,간이음식
40,d694e8d956aa03f0eea9daf57258d10c,아티장베이커스파주점,간이음식
41,49f0135e7f9c9fb983305786120295df,스타벅스파주운정점,카페/찻집
42,79f4ee5233bc31faf2985da29015e9fb,버거킹파주운정점,간이음식
43,26921981a5fc301810ec16912467aaf5,스타벅스파주금릉역점,카페/찻집
44,811c4126a326250620de2e3d5ae16643,폴콘파주본점,카페/찻집
45,a4856c8287d977723960f6a8345dd725,지씨에피세리,카페/찻집
46,59f77746add04627f8f0895c5489fc78,평양손만두파주운정점,한식
47,8cab7cc389266412124b71fbcde00618,바그,간이음식
47,8388c44321d9e5659df7cee7807f10db,메주꽃[한식],한식
49,9e8fe09e49aa3b5bd371ab3d2fdff7c7,르시랑스,카페/찻집
50,f6e394726cd758459b5882f64c2c6337,금촌야식,한식
51,a5f56696708a431401b65152a5c46c15,파주뼈칼국수교하제면소,한식
52,088fe4582c122099f82164a7fd11729f,신간짬뽕금촌점 [중식],외국식
53,1cbb7831fd6c72632382e3e79e9a1fec,소플러스운정점,한식
54,2aa3609360bea13f635a5f7bf91ea318,무고레,한식
55,ebb2420d413fa8b9bb75802b554ca422,궁중영의정인절미떡집,간이음식
56,62845268b51eb32358bb7cf6d4746599,안동각,외국식
57,3ae3d535ac54cc1b4ae406963c4c3a33,카페8794,카페/찻집
58,1ffda2dbefd704ecc11c40c1fd6b0c88,폴렌베이커리,간이음식
59,f255cab9336d02381065a097816d5f14,가드너스,카페/찻집
59,658e5ce0616c78221ec181ba67ad3bc6,망향비빔국수파주점,한식
61,4b782d88bc6169887ab9283b0cc903c9,피스피스출판단지점,카페/찻집
62,a22e939234a2ada731f8d2bfe0a895a2,스타벅스파주산내점,카페/찻집
62,096ec59e23009b0d50c60b4a3fda6a34,좋은날떡집,간이음식
64,ee6c113ca4d2de3efb71834ff9ec79c0,식당205,전문음식
65,dbb4f3d567b6171027d1b49c5bf61586,복호두파주운정점,간이음식
65,c7854514c1ab5d213113de0aca09eaf1,심학산뜨락,한식
67,cbcf11a11d4483e4df3d13be179580c1,원조두지리매운탕본점,한식
68,af4f35cfdf6e6998842e33bf7a31330f,원조삼거리부대찌개,전문음식
69,9108f498e83c548fa2d745f4d6b5a2f1,뇌조리국수집,한식
69,1eae1e01b893ef1e9909f6a5d2fea8f1,전국목장연합,한식
71,64c19cf6fba50562b710d79738138805,커피식구,카페/찻집
71,bb8c205aeed63783628f06722babb912,수라한식뷔페,전문음식
71,270e5486156b5ee1bece014a52b733a8,청담토종순대국가온점,한식
74,9a365285c5cef5010a2e613e614a8134,홍익돈까스파주금릉점,전문음식
75,612186adf3f271a7274aece06863e6cd,강릉장칼파주심학산점,한식
75,edb0c6f261136053243ff1bbd1cb27ae,오디디,카페/찻집
77,8c1fc94e7f3443197175039dd601232b,임꺽정한우마을,한식
78,5649226bf70af622d2d12fc80c440006,글램독그라운드파주점,카페/찻집
79,0ce31eb9fce26bc000cca6a3bb144193,구끼구끼,한식
79,63250e730c2d13cbe6ebb5bf7f9f7e0b,소문난팔당냉면,한식
81,96e5d7c8c68e31c86a55f60354aa5380,샤브야월남쌈구이&샤브,전문음식
82,912ebffd87689f0f4ee72fb8afbf5762,짬뽕지존운정점 [중식],외국식
82,6292d11e87409b67655cb8b98c428228,목구멍파주점,한식
84,ad88f58b3dbd5078c37a8b4106173c41,곤트란쉐리에파주점,간이음식
84,7ef609196aaa77b9e05661c4c3ced6c9,조은도너츠,간이음식
86,f0e568310827fe14a476a06a095dcfe0,홍익돈까스파주운정점,전문음식
87,9e99cc6d7f013a4c714293da463b295f,으뜸착한낙지문산본점,전문음식
87,c162048add52390b90ac7e17a14aed77,전진회관선유점,한식
89,65519b689137e2e8134ce656738f6fb5,국물없는우동,외국식
90,8bdd5cbf077c9eb901a98624ccd10532,좋은날좋은떡영의정인절미,간이음식
90,5e125abe74461455dce9fb7afb4008a9,손탁커피,카페/찻집
90,c493373bf7c1c2109194db43f36af142,신솥해장국돼지국밥,한식
90,8d19ab961b2c04a603232b9eb83feaef,루미케익,카페/찻집
90,ee1a0d56e766436beec174678b49d77b,삼고집파주점,한식
95,3c0a04317641aafee2b0933d53fc7cb4,심학산들꽃쌈밥,한식
95,f1d0688fd5bc1157bed02c6affde01d7,심학산두부마을,한식
97,8abd20e849a08444ed3339238935e781,파주닭국수,한식
97,a9cef79b32f220fb8388088466bd10fa,피셔맨스키친파주운정점,외국식
99,b8fc49ba9f1cc6e20efe74d505f4bb61,오도72숯불갈비전문점,한식
99,737857df34f7b244b683799e660d9fd7,심학산장어,전문음식
