﻿업종중분류명,업체명,방문자수,순위
음식,스타벅스/파주야당DT점,34.0,1
음식,앤드테라스/파주점,27.0,2
음식,더티트렁크,27.0,3
음식,소플러스/운정점,18.0,4
음식,내사랑동까스,15.0,5
음식,훈장골/파주점,14.0,6
음식,홍익돈까스/파주운정점,13.0,7
음식,갈릴리농원/본관,11.0,8
음식,심학산도토리국수/본점,10.0,9
음식,버거킹/파주야당역점,9.0,10
쇼핑,롯데프리미엄아울렛/파주점,298.0,1
쇼핑,신세계프리미엄아울렛/파주점,284.0,2
쇼핑,이마트/파주운정점,80.0,3
쇼핑,홈플러스/파주운정점,58.0,4
쇼핑,운정가구타운,19.0,5
쇼핑,홈플러스/파주문산점,11.0,6
쇼핑,이마트/파주점,11.0,7
쇼핑,대하마트,3.0,8
쇼핑,이채쇼핑몰,3.0,9
쇼핑,금촌전통시장,3.0,10
문화관광,운정호수공원,39.0,1
문화관광,평화누리,24.0,2
문화관광,운정건강공원,13.0,3
문화관광,퍼스트가든,10.0,4
문화관광,CGV/파주야당,7.0,5
문화관광,자유로자동차극장,7.0,6
문화관광,교하중앙공원,6.0,7
문화관광,하니랜드,5.0,8
문화관광,메가박스/파주운정,5.0,9
문화관광,명필름아트센터,4.0,10
