﻿성/연령,지역명,비율
50대 남성,경기도 파주시,11.4
40대 남성,경기도 파주시,10.8
20대 남성,경기도 파주시,10.8
30대 남성,경기도 파주시,9.6
50대 여성,경기도 파주시,8.8
40대 여성,경기도 파주시,8.2
60대 남성,경기도 파주시,7.2
30대 여성,경기도 파주시,7.2
20대 여성,경기도 파주시,6.6
60대 여성,경기도 파주시,5.2
10대 남성,경기도 파주시,3.6
10대 여성,경기도 파주시,3.4
70대 이상 남성,경기도 파주시,2.8
70대 이상 여성,경기도 파주시,2.6
10대 미만 여성,경기도 파주시,0.9
10대 미만 남성,경기도 파주시,0.8
