﻿유형 중분류명,유형 소분류명,중분류 검색건수 비율,소분류 검색건수 비율
음식,한식,72.2,36.2
음식,외국식,72.2,11.4
음식,간이음식,72.2,13.5
음식,음식점기타,72.2,1.2
음식,전문음식,72.2,23.2
음식,카페/찻집,72.2,14.4
쇼핑,기타쇼핑시설,12.4,2.7
쇼핑,쇼핑몰,12.4,97.3
문화관광,공연시설,9.1,21.3
문화관광,기타문화관광지,9.1,1.7
문화관광,도시공원,9.1,72.8
문화관광,레저스포츠시설,9.1,1.0
문화관광,전시시설,9.1,1.4
문화관광,테마공원,9.1,1.7
숙박,모텔,3.5,31.1
숙박,캠핑,3.5,0.9
숙박,호텔,3.5,67.9
레저스포츠,기타레저스포츠,1.2,2.0
레저스포츠,육상레저스포츠,1.2,12.8
레저스포츠,수상레저스포츠,1.2,85.2
역사관광,종교성지,0.8,100.0
기타관광,기타관광,0.6,100.0
자연관광,자연경관(산),0.1,100.0
체험관광,농/산/어촌체험,0.0,100.0
